# observer_id,node_id,mean_mA
1,1,0.000000
2,2,0.000000
3,3,0.000000
